Symbol,Name,Last,Change,%Chg,IV Rank,Options Vol,% Put,% Call,Put/Call Vol,Time
AMC,Amc Entertainment Holdings Inc,26.12,-0.4,-1.51%,46.48%,3588237,48.2%,51.8%,0.92957671496743,05/28/21
AAPL,Apple Inc,124.61,-0.67,-0.53%,0.00%,1073019,39.1%,60.9%,0.64161802841035,05/28/21
TSLA,Tesla Inc,625.22,-5.63,-0.89%,0.00%,1069893,45.1%,54.9%,0.82300901542556,05/28/21
PLTR,Palantir Technologies Inc Cl A,22.95,0.25,+1.10%,4.55%,850450,20.1%,79.9%,0.25137762631859,05/28/21
F,Ford Motor Company,14.53,-0.35,-2.35%,15.74%,846781,23.9%,76.1%,0.31396122889476,05/28/21
SNDL,Sundial Growers Inc,0.97,0.125,+14.79%,10.85%,684628,11.4%,88.6%,0.12860567016257,05/28/21
BB,Blackberry Ltd,10.07,0.1,+1.00%,14.42%,627001,15.2%,84.8%,0.17967981245567,05/28/21
NVDA,Nvidia Corp,649.78,30.26,+4.88%,7.04%,559981,28.6%,71.4%,0.40141347354617,05/28/21
AMD,Adv Micro Devices,80.08,1.66,+2.12%,1.44%,503797,26.0%,74.0%,0.35115846839188,05/28/21
NIO,Nio Inc,38.62,-0.29,-0.75%,1.05%,439466,28.7%,71.3%,0.40219007447019,05/28/21
TLRY,Tilray Inc,16.67,-0.5,-2.91%,15.10%,416049,12.3%,87.7%,0.1396167394365,05/28/21
SPCE,Virgin Galactic Holdings Inc,31.23,0.14,+0.45%,30.08%,364938,24.7%,75.3%,0.32754932774577,05/28/21
SNAP,Snap Inc,62.12,1.05,+1.72%,0.00%,334482,33.8%,66.2%,0.51066328235794,05/28/21
NOK,Nokia Corp,5.16,0.09,+1.78%,6.44%,334437,5.8%,94.2%,0.061522786569921,05/28/21
AMZN,Amazon.com Inc,3223.07,-7.04,-0.22%,0.00%,307310,43.8%,56.2%,0.7789599819389,05/28/21
T,AT&T Inc,29.43,-0.28,-0.94%,11.77%,293090,54.0%,46.0%,1.1758561554851,05/28/21
BYND,Beyond Meat Inc,145.42,2.81,+1.97%,34.73%,272003,32.6%,67.4%,0.48462718256892,05/28/21
PLUG,Plug Power Inc,30.7,0.77,+2.57%,14.61%,262356,27.5%,72.5%,0.37965197911244,05/28/21
GME,Gamestop Corp,222,-32.13,-12.64%,20.47%,241348,39.4%,60.6%,0.65124759682816,05/28/21
FB,Facebook Inc,328.73,-4.02,-1.21%,0.00%,228115,36.3%,63.7%,0.5696130239727,05/28/21
BA,Boeing Company,247.02,-3.68,-1.47%,0.58%,208029,37.3%,62.7%,0.59602430528916,05/28/21
CRM,Salesforce.com Inc,238.1,12.27,+5.43%,4.11%,200707,36.1%,63.9%,0.56386940938133,05/28/21
GE,General Electric Company,14.06,-0.29,-2.02%,5.88%,199564,19.7%,80.3%,0.245142693138,05/28/21
PBR,Petroleo Brasileiro S.A. Petrobras,10.21,0.63,+6.58%,0.39%,194779,10.9%,89.1%,0.12183083178787,05/28/21
AAL,American Airlines Gp,24.24,-0.19,-0.78%,1.53%,191895,18.9%,81.1%,0.23279882820029,05/28/21
BAC,Bank of America Corp,42.39,-0.16,-0.38%,0.00%,191491,34.9%,65.1%,0.53526874478866,05/28/21
MSFT,Microsoft Corp,249.68,0.37,+0.15%,0.00%,179786,36.6%,63.4%,0.57705634161104,05/28/21
RKT,Rocket Companies Inc Cl A,17.71,-0.64,-3.49%,9.29%,176025,14.4%,85.6%,0.16821964719468,05/28/21
NFLX,Netflix Inc,502.81,-1.05,-0.21%,3.39%,166985,42.5%,57.5%,0.74051490514905,05/28/21
X,United States Steel Corp,25.93,-0.15,-0.58%,11.75%,151858,22.5%,77.5%,0.290486509454,05/28/21
FUBO,Fubotv Inc,23.74,-1.87,-7.30%,10.19%,147540,18.2%,81.8%,0.2231599542372,05/28/21
DKNG,Draftkings Inc,49.95,-0.45,-0.89%,0.00%,143696,19.9%,80.1%,0.24814119936071,05/28/21
BABA,Alibaba Group Holding,213.96,1.22,+0.57%,0.00%,135138,31.0%,69.0%,0.44878158602871,05/28/21
SQ,Square,222.52,1.62,+0.73%,0.00%,130028,38.5%,61.5%,0.62616308154077,05/28/21
MVIS,Microvision,15.6,-0.23,-1.45%,9.02%,129478,15.3%,84.7%,0.18110997591768,05/28/21
ABNB,Airbnb Inc Cl A,140.4,-2.77,-1.93%,0.00%,125657,25.8%,74.2%,0.34778831302557,05/28/21
RBLX,Roblox Corporation Cl A,93.77,-3.7,-3.80%,39.25%,115721,33.0%,67.0%,0.49257716268331,05/28/21
NKLA,Nikola Corp,14.96,-0.53,-3.42%,7.75%,114490,30.5%,69.5%,0.43934727128723,05/28/21
ACB,Aurora Cannabis Inc,9.66,0.69,+7.69%,6.98%,113908,12.7%,87.3%,0.14595573440644,05/28/21
CCL,Carnival Corp,29.56,-0.44,-1.47%,5.88%,104250,22.5%,77.5%,0.29009504009504,05/28/21
BBIG,Vinco Ventures Inc,2.83,-0.47,-14.24%,53.46%,102643,1.6%,98.4%,0.01579463022158,05/28/21
BBBY,Bed Bath & Beyond,27.99,0.98,+3.63%,12.32%,101796,43.9%,56.1%,0.78254854921463,05/28/21
IPOE,Social Capital Hedosophia Corp V Cl A,20.15,0.36,+1.82%,49.18%,100239,9.3%,90.7%,0.10310333443381,05/28/21
VIAC,Viacom CBS Cl B,42.42,-0.73,-1.69%,12.22%,100230,40.5%,59.5%,0.68111906878449,05/28/21
RIOT,Riot Blockchain Inc,27.13,-1.37,-4.81%,3.41%,98043,42.1%,57.9%,0.72723428994239,05/28/21
C,Citigroup Inc,78.71,-0.050000000000011,-0.06%,0.00%,95136,46.4%,53.6%,0.86559466614374,05/28/21
QS,Quantumscape Corp,25.89,-0.36,-1.37%,0.74%,92446,21.7%,78.3%,0.27643769416638,05/28/21
CGC,Canopy Growth Corp,26.09,1.37,+5.54%,35.33%,89084,28.6%,71.4%,0.4000314317146,05/28/21
MARA,Marathon Digital Hldgs Inc,24.77,-1.07,-4.14%,1.21%,88643,37.5%,62.5%,0.60121026011561,05/28/21
INTC,Intel Corp,57.12,-0.61,-1.06%,0.00%,86578,33.6%,66.4%,0.50612344304502,05/28/21
XOM,Exxon Mobil Corp,58.37,-0.19,-0.32%,0.00%,86536,27.7%,72.3%,0.3830049064263,05/28/21
COIN,Coinbase Global Inc Cl A,236.54,-10.55,-4.27%,0.00%,85780,41.3%,58.7%,0.7028963929089,05/28/21
PFE,Pfizer Inc,38.73,0.079999999999998,+0.21%,0.00%,85769,36.5%,63.5%,0.57446535107848,05/28/21
CLF,Cleveland-Cliffs Inc,20.12,-0.079999999999998,-0.40%,15.32%,84467,34.2%,65.8%,0.52020229289275,05/28/21
SOS,Sos Ltd,3.37,-0.43,-11.32%,7.46%,83267,6.0%,94.0%,0.06334044210607,05/28/21
LI,Li Auto Inc ADR,23.3,-0.35,-1.48%,0.00%,81891,70.3%,29.7%,2.3629419736356,05/28/21
CCIV,Churchill Capital IV [Lucid Motors],19.72,-0.16,-0.80%,0.00%,80068,20.7%,79.3%,0.26141000393856,05/28/21
UBER,Uber Technologies Inc,50.83,0.12,+0.24%,11.38%,79082,37.1%,62.9%,0.59013130114813,05/28/21
GPS,Gap Inc,33.45,-1.7,-4.84%,3.69%,78563,31.3%,68.7%,0.45535548886666,05/28/21
GM,General Motors Company,59.31,-0.46,-0.77%,0.47%,78347,35.0%,65.0%,0.53736117106864,05/28/21
HPQ,HP Inc,29.23,-2.87,-8.94%,3.53%,77334,47.4%,52.6%,0.89972486980446,05/28/21
PDD,Pinduoduo Inc ADR,124.88,5.22,+4.36%,1.34%,77053,21.2%,78.8%,0.26930236389095,05/28/21
FSR,Fisker Inc,13.26,-0.35,-2.57%,13.00%,76988,54.1%,45.9%,1.1791112369091,05/28/21
WKHS,Workhorse Grp,9.37,-0.25,-2.60%,5.33%,75405,20.0%,80.0%,0.24991711974539,05/28/21
XPEV,Xpeng Inc ADR,32.13,-0.26,-0.80%,2.21%,74840,40.3%,59.7%,0.67423547571643,05/28/21
DIS,Walt Disney Company,178.65,-0.38999999999999,-0.22%,0.00%,74684,37.6%,62.4%,0.60204212964949,05/28/21
WFC,Wells Fargo & Company,46.72,-0.039999999999999,-0.09%,1.39%,74589,30.1%,69.9%,0.42967492141379,05/28/21
VTNR,Vertex Energy,7.81,3.82,+95.74%,10.15%,72711,49.5%,50.5%,0.97987746766508,05/28/21
ITUB,Itau Unibanco Banco Holding S.A.,5.7,0.14,+2.52%,5.73%,72242,84.3%,15.7%,5.3705467372134,05/28/21
COST,Costco Wholesale,378.27,-9.23,-2.38%,4.50%,71353,42.3%,57.7%,0.73161675484153,05/28/21
BIDU,Baidu Inc,196.27,1.46,+0.75%,5.15%,70571,21.8%,78.2%,0.27924808759018,05/28/21
SNOW,Snowflake Inc Cl A,238.03,-7.12,-2.90%,3.63%,70393,25.8%,74.2%,0.34726023464564,05/28/21
CRON,Cronos Group Inc,9.01,1.19,+15.22%,20.74%,70197,6.2%,93.8%,0.066240354821071,05/28/21
NCLH,Norwegian Cruise Ord,31.9,-0.52,-1.60%,0.00%,67503,30.0%,70.0%,0.42866515693454,05/28/21
DAL,Delta Air Lines Inc,47.68,-0.37,-0.77%,1.14%,67202,20.4%,79.6%,0.25618258967793,05/28/21
FCX,Freeport-Mcmoran Inc,42.72,0.13,+0.31%,2.78%,65961,37.1%,62.9%,0.59045644154028,05/28/21
TWTR,Twitter Inc,58,-0.079999999999998,-0.14%,0.00%,63896,28.1%,71.9%,0.38991973200496,05/28/21
JD,Jd.com Inc Ads,73.94,1.11,+1.52%,0.00%,62775,31.1%,68.9%,0.45151220865705,05/28/21
MRNA,Moderna Inc,185.01,5.47,+3.05%,0.35%,62717,45.0%,55.0%,0.81830569407399,05/28/21
OCGN,Ocugen Inc,8.73,0.02,+0.23%,12.96%,61574,22.7%,77.3%,0.29329972694812,05/28/21
EXPR,Express Inc,4.29,-0.52,-10.81%,19.62%,61163,13.9%,86.1%,0.1614698063046,05/28/21
ZM,Zoom Video Communications Cl A,331.53,5.1,+1.56%,26.62%,60561,38.8%,61.2%,0.63303222327086,05/28/21
TME,Tencent Music Entertainment ADR,15.74,0.33,+2.14%,9.89%,60361,11.6%,88.4%,0.130864058753,05/28/21
VALE,Vale S.A.,21.52,0.38,+1.80%,5.47%,59047,24.4%,75.6%,0.32338966336456,05/28/21
ROKU,Roku Inc,346.71,-2.32,-0.66%,0.00%,58528,39.0%,61.0%,0.6396694214876,05/28/21
MU,Micron Technology,84.14,0.21,+0.25%,4.59%,57909,32.3%,67.7%,0.47655473112522,05/28/21
FCEL,Fuelcell Energy Inc,9.82,-0.02,-0.20%,14.63%,57432,16.4%,83.6%,0.19682413987122,05/28/21
ATVI,Activision Blizzard,97.25,0,0.00%,0.00%,55719,18.6%,81.4%,0.2282105541595,05/28/21
COTY,Coty Inc,8.91,0.02,+0.22%,8.05%,54785,3.0%,97.0%,0.031130601720276,05/28/21
RIDE,Lordstown Motors Corp,9.9,-0.65,-6.16%,49.49%,53831,41.1%,58.9%,0.69642632043363,05/28/21
SKLZ,Skillz Inc,16.99,-0.33,-1.91%,1.02%,53129,16.1%,83.9%,0.19163395760906,05/28/21
QCOM,Qualcomm Inc,134.54,0.9,+0.67%,0.00%,51441,41.4%,58.6%,0.70775512914149,05/28/21
UAL,United Airlines Holdings Inc,58.35,-0.78,-1.32%,1.09%,50906,29.9%,70.1%,0.42617806914327,05/28/21
CLOV,Clover Health Investments Corp,7.64,-0.19,-2.43%,23.29%,50360,8.1%,91.9%,0.087665493185892,05/28/21
JPM,JP Morgan Chase & Company,164.24,-0.10999999999999,-0.07%,1.74%,49830,43.0%,57.0%,0.75291096492771,05/28/21
PTON,Peloton Interactive Inc,110.31,-2.29,-2.03%,0.00%,49116,41.9%,58.1%,0.72203912769091,05/28/21
AHT,Ashford Hospitality Trust Inc,4.05,-0.09,-2.17%,7.84%,47461,7.3%,92.7%,0.07846300672605,05/28/21
GOLD,Barrick Gold Corp,24.08,0.22,+0.92%,0.00%,47354,25.5%,74.5%,0.34295680780466,05/28/21
M,Macy's Inc,18.28,-0.59,-3.13%,1.62%,47113,27.0%,73.0%,0.37048026296652,05/28/21
WMT,Wal-Mart Stores,142.03,0.34,+0.24%,0.00%,44152,36.2%,63.8%,0.56845470692718,05/28/21
V,Visa Inc,227.3,0.44,+0.19%,4.30%,44105,40.6%,59.4%,0.68429695257008,05/28/21
BCRX,Biocryst Pharma Inc,15.77,1.02,+6.92%,2.85%,43732,12.9%,87.1%,0.14809272531569,05/28/21
IQ,Iqiyi Inc ADR,14.26,-0.27,-1.86%,0.96%,43557,19.9%,80.1%,0.24844506864628,05/28/21
LUMN,Centurylink,13.84,-0.37,-2.60%,0.00%,43375,66.3%,33.7%,1.9688569472964,05/28/21
VZ,Verizon Communications Inc,56.49,0.2,+0.36%,0.00%,42665,34.9%,65.1%,0.53692363112392,05/28/21
TSM,Taiwan Semiconductor Manufacturing,117.36,1.59,+1.37%,0.53%,42598,28.7%,71.3%,0.4021263289556,05/28/21
PSTH,Pershing Square Tontine Holdings,25.12,0.48,+1.95%,36.18%,42061,21.4%,78.6%,0.27276303446606,05/28/21
FSLY,Fastly Inc,47.19,-1.04,-2.16%,2.39%,41991,30.1%,69.9%,0.43050350889146,05/28/21
ET,Energy Transfer LP,9.9,-0.11,-1.10%,0.00%,41987,30.1%,69.9%,0.43119610048744,05/28/21
PINS,Pinterest Inc,65.3,1,+1.56%,0.00%,41617,28.7%,71.3%,0.40332479093607,05/28/21
LVS,Las Vegas Sands,57.75,-0.81,-1.38%,2.18%,41561,21.7%,78.3%,0.27769921298574,05/28/21
AMAT,Applied Materials,138.13,0.31,+0.22%,12.65%,40769,28.7%,71.3%,0.40234589983489,05/28/21
RMO,Romeo Power Inc,8.48,0.1,+1.19%,8.46%,39944,3.0%,97.0%,0.03060013416585,05/28/21
CP,Canadian Pacific Railway,81.26,0.67,+0.83%,16.24%,38819,98.8%,1.2%,85.649553571429,05/28/21
PYPL,Paypal Holdings,260.02,0.55,+0.21%,0.00%,37302,31.3%,68.7%,0.45534704069291,05/28/21
BP,BP Plc,26.23,-0.050000000000001,-0.19%,0.00%,37057,34.9%,65.1%,0.53693334992327,05/28/21
KO,Coca-Cola Company,55.29,-0.2,-0.36%,1.45%,36290,39.3%,60.7%,0.64834665697674,05/28/21
GOTU,Gsx Techedu Inc ADR,18.54,-0.64,-3.34%,60.69%,34967,38.4%,61.6%,0.62252331678344,05/28/21
UWMC,Uwm Hldg Corp,8.89,-0.28,-3.05%,2.68%,33817,6.5%,93.5%,0.069988925802879,05/28/21
GOOGL,Alphabet Cl A,2356.85,-5.83,-0.25%,0.00%,33266,37.6%,62.4%,0.6037217374536,05/28/21
JMIA,Jumia Technologies Ag ADR,29.19,-0.51,-1.72%,0.00%,33180,36.3%,63.7%,0.56872015507541,05/28/21
CHWY,Chewy Inc,73.62,-1.66,-2.21%,17.61%,32892,39.5%,60.5%,0.65161938237509,05/28/21
TELL,Tellurian Inc,4.36,0.47,+12.08%,17.91%,32870,14.7%,85.3%,0.17171069047874,05/28/21
ULTA,Ulta Beauty Inc,345.36,17,+5.18%,4.53%,32692,33.3%,66.7%,0.50004588418831,05/28/21
GS,Goldman Sachs Group,372.02,0.64999999999998,+0.18%,1.17%,32509,47.6%,52.4%,0.90903752422338,05/28/21
FUTU,Futu Holdings Ltd,142.27,1.06,+0.75%,0.37%,32312,19.3%,80.7%,0.23871957063446,05/28/21
SHOP,Shopify Inc,1242.87,2.03,+0.16%,0.30%,31691,38.6%,61.4%,0.62835268728805,05/28/21
HD,Home Depot,318.91,0.14000000000004,+0.04%,0.51%,31356,34.9%,65.1%,0.53668218573879,05/28/21
CSCO,Cisco Systems Inc,52.9,-0.02,-0.04%,4.23%,31210,45.2%,54.8%,0.82418610088258,05/28/21
BBY,Best Buy Company,116.24,-1.9,-1.61%,12.28%,30617,43.8%,56.2%,0.78016163730449,05/28/21
STNE,Stoneco Ltd Cl A,65.97,-0.35,-0.53%,29.82%,30559,85.1%,14.9%,5.6956617002629,05/28/21
ARVL,Arrival,19.19,-0.77,-3.86%,5.35%,29889,8.9%,91.1%,0.098012563829396,05/28/21
OXY,Occidental Petroleum Corp,25.96,-0.11,-0.42%,0.00%,29518,22.6%,77.4%,0.29226862796603,05/28/21
KERN,Akerna Corp Cl A,4.38,0.31,+7.62%,42.33%,29497,0.5%,99.5%,0.004871567759079,05/28/21
GNUS,Genius Brands International Inc,1.76,-0.05,-2.76%,5.24%,29373,18.6%,81.4%,0.22827632349251,05/28/21
CVX,Chevron Corp,103.79,0.78,+0.76%,0.00%,29216,29.7%,70.3%,0.4228109476965,05/28/21
LMND,Lemonade Inc,90.47,4.47,+5.20%,6.87%,29170,43.2%,56.8%,0.76030414579687,05/28/21
CRWD,Crowdstrike Holdings Inc,222.15,-0.66,-0.30%,7.40%,28223,28.9%,71.1%,0.40720981252493,05/28/21
AFRM,Affirm Holdings Inc Cl A,60.81,3.52,+6.14%,6.37%,28078,30.8%,69.2%,0.44419298426088,05/28/21
TIGR,Up Fintech Holding Ltd ADR,22.79,0.59,+2.66%,10.08%,27931,30.6%,69.4%,0.44167440900175,05/28/21
CVS,CVS Corp,86.44,0.019999999999996,+0.02%,2.53%,27389,50.9%,49.1%,1.0381753237089,05/28/21
SDC,Smiledirectclub Inc,8.21,0.06,+0.74%,6.49%,27142,5.4%,94.6%,0.056766858744744,05/28/21
TDOC,Teladoc Health Inc,150.58,1.58,+1.06%,2.89%,26827,25.1%,74.9%,0.33580640342578,05/28/21
NUE,Nucor Corp,102.54,1.49,+1.47%,30.46%,26826,37.5%,62.5%,0.60040567951318,05/28/21
AG,First Majestic Silver,17.78,0.15,+0.85%,0.00%,26743,29.0%,71.0%,0.40856420520383,05/28/21
NKE,Nike Inc,136.46,-0.099999999999994,-0.07%,41.58%,26590,48.6%,51.4%,0.94527763552564,05/28/21
LYFT,Lyft Inc Cl A,57.09,1.6,+2.88%,0.00%,26372,42.3%,57.7%,0.73215106732348,05/28/21
RCL,Royal Caribbean Cruises Ltd,93.27,-1.49,-1.57%,2.05%,26366,33.2%,66.8%,0.49662258046205,05/28/21
BGCP,Bgc Partners Cl A,5.9,0.24,+4.24%,5.79%,26342,1.2%,98.8%,0.012608595371723,05/28/21
TGT,Target Corp,226.92,-0.45000000000002,-0.20%,0.00%,25792,38.6%,61.4%,0.62889983579639,05/28/21
HEXO,Hexo Corp,7.18,0.65,+9.95%,2.88%,25603,4.4%,95.6%,0.046045105409381,05/28/21
MGM,MGM Resorts International,42.87,-0.92,-2.10%,1.53%,25574,32.6%,67.4%,0.48323860341028,05/28/21
NNDM,Nano Dimension Ads,7.1,-0.28,-3.79%,0.15%,25527,14.2%,85.8%,0.16604238991412,05/28/21
NEE,Nextera Energy,73.22,0.22,+0.30%,0.09%,25450,23.4%,76.6%,0.30566386209727,05/28/21
DLTR,Dollar Tree Inc,97.5,-2.61,-2.61%,7.19%,25113,40.3%,59.7%,0.67464657241931,05/28/21
JWN,Nordstrom,33.54,-0.76,-2.22%,2.39%,24732,26.0%,74.0%,0.35154926498716,05/28/21
MRK,Merck & Company,75.89,-0.030000000000001,-0.04%,10.69%,24607,46.7%,53.3%,0.87682099000839,05/28/21
MS,Morgan Stanley,90.95,0.65000000000001,+0.72%,0.00%,24571,29.0%,71.0%,0.4088876146789,05/28/21
DOCU,Docusign Inc,201.62,2.22,+1.11%,11.67%,24515,29.5%,70.5%,0.4184458716658,05/28/21
EBAY,Ebay Inc,60.88,1.37,+2.30%,0.00%,24344,46.2%,53.8%,0.85988234395294,05/28/21
MRO,Marathon Oil Corp,12.11,0.02,+0.17%,0.00%,24291,18.6%,81.4%,0.22917720878454,05/28/21
ABBV,Abbvie Inc,113.2,0.88000000000001,+0.78%,14.69%,24163,39.6%,60.4%,0.65477331872346,05/28/21
INO,Inovio Pharma,7.55,-0.02,-0.26%,0.88%,24074,9.8%,90.2%,0.10863458438867,05/28/21
JNJ,Johnson & Johnson,169.25,0.44,+0.26%,1.45%,23958,43.4%,56.6%,0.7675962815405,05/28/21
OKTA,Okta Inc Cl A,222.44,0.04,+0.02%,0.00%,23671,32.9%,67.1%,0.49042941695001,05/28/21
LAZR,Luminar Technologies Inc,20.51,-0.6,-2.84%,4.32%,23643,58.1%,41.9%,1.384328358209,05/28/21
LLY,Eli Lilly and Company,199.74,0.54000000000002,+0.27%,23.53%,23143,82.0%,18.0%,4.5485495085111,05/28/21
GOOG,Alphabet Cl C,2411.56,9.05,+0.38%,0.52%,22884,44.2%,55.8%,0.79355748883141,05/28/21
SBUX,Starbucks Corp,113.88,0.37,+0.33%,0.59%,22604,43.9%,56.1%,0.78264984227129,05/28/21
CCJ,Cameco Corp,19.97,-0.6,-2.92%,3.44%,22534,20.7%,79.3%,0.26106665174324,05/28/21
ROOT,Root Inc,9.12,0.21,+2.36%,4.98%,21936,2.0%,98.0%,0.020706342189754,05/28/21
SRNE,Sorrento Therpt,7.52,-0.23,-2.97%,3.26%,21801,10.6%,89.4%,0.11857362750128,05/28/21
ORCL,Oracle Corp,78.74,-0.24000000000001,-0.30%,32.06%,21795,45.3%,54.7%,0.82920688208141,05/28/21
ETSY,Etsy Inc,164.73,-2.01,-1.21%,0.00%,21738,45.5%,54.5%,0.83474004051317,05/28/21
FDX,Fedex Corp,314.81,-0.77999999999997,-0.25%,27.09%,21272,31.0%,69.0%,0.4488489306634,05/28/21
DDD,3D Systems Corp,29.41,-1.48,-4.79%,14.71%,20770,23.8%,76.2%,0.31281208520321,05/28/21
SLB,Schlumberger N.V.,31.33,-0.010000000000002,-0.03%,0.00%,20610,33.6%,66.4%,0.50690940995832,05/28/21
PENN,Penn Natl Gaming Inc,81.97,-1.29,-1.55%,0.00%,20252,25.9%,74.1%,0.34959349593496,05/28/21
BNGO,Bionano Genomics Inc,6.17,-0.05,-0.80%,0.72%,20124,36.3%,63.7%,0.56900046779978,05/28/21
CAT,Caterpillar Inc,241.08,-0.19999999999999,-0.08%,0.00%,20119,41.6%,58.4%,0.7116726220861,05/28/21
UPS,United Parcel Service,214.6,1.8,+0.85%,10.32%,19874,31.6%,68.4%,0.4611086604911,05/28/21
DASH,Doordash Inc Cl A,150.28,-2.54,-1.66%,6.57%,19636,32.3%,67.7%,0.4767240730992,05/28/21
GPRO,Gopro Inc Cl A,11.22,-0.28,-2.43%,4.58%,19593,9.2%,90.8%,0.10178260136085,05/28/21
FRX,Forest Road Acquisition Corp Cl A,10.04,0.079999999999998,+0.80%,28.40%,19215,2.6%,97.4%,0.0271007055805,05/28/21
HPE,Hewlett Packard Enterprise Comp,15.96,-0.38,-2.33%,8.46%,19187,69.4%,30.6%,2.2642055120789,05/28/21
CHPT,Chargepoint Hldgs Inc,24.35,-0.98,-3.87%,2.01%,19046,24.7%,75.3%,0.32835820895522,05/28/21
HIMX,Himax Technologies,13.11,0.74,+5.98%,1.63%,18963,28.4%,71.6%,0.39639175257732,05/28/21
NRZ,New Residential Investment Corp,10.58,-0.01,-0.09%,0.00%,18811,11.7%,88.3%,0.13216972615107,05/28/21
IBM,International Business Machines,143.74,-0.079999999999984,-0.06%,0.00%,18728,49.2%,50.8%,0.96846752154719,05/28/21
MA,Mastercard Inc,360.58,-1.42,-0.39%,0.00%,18532,62.6%,37.4%,1.6707018302349,05/28/21
BOX,Box Inc,23.31,0.44,+1.92%,1.81%,18491,20.8%,79.2%,0.26304644808743,05/28/21
BILI,Bilibili Inc ADR,107.18,3.18,+3.06%,1.02%,18285,18.9%,81.1%,0.23372242088928,05/28/21
LOW,Lowe's Companies,194.83,1.06,+0.55%,1.73%,18199,54.8%,45.2%,1.2131825367871,05/28/21
DELL,Dell Technologies Inc,98.64,-1.06,-1.06%,0.43%,18114,60.0%,40.0%,1.4984827586207,05/28/21
Z,Zillow Group Cl C,117.32,1.97,+1.71%,0.00%,17976,39.4%,60.6%,0.65053714075842,05/28/21
BFLY,Butterfly Network Inc,11.75,0.33,+2.89%,18.61%,17965,3.6%,96.4%,0.036940836940837,05/28/21
NNOX,Nano-X Imaging Ltd,25,-1,-3.85%,5.32%,17901,10.7%,89.3%,0.12014266941994,05/28/21
MO,Altria Group,49.22,0.019999999999996,+0.04%,2.51%,17852,44.1%,55.9%,0.7878818227341,05/28/21
HL,Hecla Mining Company,9,0.029999999999999,+0.33%,4.57%,17429,29.6%,70.4%,0.41987780040733,05/28/21
WYNN,Wynn Resorts Ltd,131.87,-0.8,-0.60%,0.56%,17177,40.8%,59.2%,0.68865513173417,05/28/21
ABEV,Ambev S.A.,3.46,0.09,+2.67%,1.81%,17171,1.6%,98.4%,0.016215896312955,05/28/21
CAN,Canaan Inc ADR,8.4,-0.75,-8.20%,7.25%,17138,11.6%,88.4%,0.1309971622781,05/28/21
CMCSA,Comcast Corp A,57.34,0,0.00%,5.49%,16865,21.1%,78.9%,0.26785445797624,05/28/21
UPST,Upstart Holdings Inc,148.22,-18.61,-11.16%,61.88%,16840,25.1%,74.9%,0.33544805709754,05/28/21
SIRI,Sirius XM Holdings,6.25,0.04,+0.64%,4.09%,16411,44.5%,55.5%,0.80083397344453,05/28/21
NTNX,Nutanix Inc,31.51,-0.39,-1.22%,3.53%,16196,49.7%,50.3%,0.98626441010547,05/28/21
LB,L Brands Inc,69.87,0.43000000000001,+0.62%,0.00%,16176,70.8%,29.2%,2.4300254452926,05/28/21
GILD,Gilead Sciences Inc,66.11,0.21,+0.32%,0.00%,16000,55.7%,44.4%,1.2547914317926,05/28/21
BLNK,Blink Charging Company,34,-1.14,-3.24%,2.14%,15965,43.7%,56.3%,0.77724590893911,05/28/21
STIC,Northern Star Acquisition Cl A,11.17,1.18,+11.81%,73.66%,15894,14.8%,85.2%,0.17333530193415,05/28/21
WBT,Welbilt Inc,24.71,4.79,+24.05%,0.00%,15699,25.8%,74.2%,0.34790074697347,05/28/21
FEYE,Fireeye Inc,22.37,0.22,+0.99%,24.89%,15696,8.2%,91.8%,0.08962165914613,05/28/21
ADSK,Autodesk Inc,285.86,-0.81,-0.28%,0.00%,15624,53.9%,46.1%,1.1669902912621,05/28/21
LUV,Southwest Airlines Company,61.46,-0.27,-0.44%,0.00%,15564,33.6%,66.4%,0.50697134004648,05/28/21
BRK.B,Berkshire Hathaway Cl B,289.44,0.13999999999999,+0.05%,14.84%,15553,29.1%,70.9%,0.41134301270417,05/28/21
GRWG,Growgeneration Corp,44.41,2.09,+4.94%,0.77%,15552,29.7%,70.3%,0.4232634757939,05/28/21
KR,Kroger Company,36.98,0.69,+1.90%,21.71%,15459,22.7%,77.3%,0.29342369477912,05/28/21
ZNGA,Zynga Inc Cl A,10.84,0.07,+0.65%,3.30%,15320,11.6%,88.4%,0.13162948736889,05/28/21
WISH,Contextlogic Inc Cl A,7.94,-0.41,-4.91%,5.40%,15319,22.4%,77.6%,0.28785203867171,05/28/21
AA,Alcoa Corp,39.67,0.66,+1.69%,4.35%,15168,31.6%,68.4%,0.46239876590821,05/28/21
APPS,Digital Turbine,66.17,-0.21,-0.32%,27.36%,15090,35.3%,64.7%,0.54642344742775,05/28/21
NRG,NRG Energy,32.15,-0.19,-0.59%,11.91%,14916,3.6%,96.4%,0.037706970919716,05/28/21
AMGN,Amgen Inc,237.94,2.63,+1.12%,8.09%,14863,20.0%,80.0%,0.25077842295717,05/28/21
GES,Guess Inc,29.37,-1.42,-4.61%,0.54%,14724,1.4%,98.6%,0.014329016257922,05/28/21
BIIB,Biogen Inc,267.48,0.11,+0.04%,93.64%,14713,48.8%,51.2%,0.95288027608176,05/28/21
ADBE,Adobe Systems Inc,504.58,6.3,+1.26%,12.58%,14660,53.0%,47.0%,1.1286481777262,05/28/21
DVN,Devon Energy Corp,26.56,-0.09,-0.34%,0.00%,14638,13.4%,86.6%,0.15414334148072,05/28/21
DBX,Dropbox Inc,27.35,-0.42,-1.51%,10.31%,14415,13.7%,86.3%,0.15820343885586,05/28/21
PG,Procter & Gamble Company,134.85,-0.13,-0.10%,9.90%,14335,41.0%,59.0%,0.69504552441764,05/28/21
IDEX,Ideanomics Inc,2.88,-0.12,-4.00%,2.58%,14265,8.9%,91.1%,0.098236969743629,05/28/21
KGC,Kinross Gold Corp,8.1,0.13,+1.63%,0.00%,14140,25.4%,74.6%,0.34091986723566,05/28/21
SCHW,The Charles Schwab Corp,73.85,0,0.00%,0.00%,14137,68.5%,31.5%,2.171864482836,05/28/21
ZS,Zscaler Inc,194.2,-0.06,-0.03%,0.00%,13807,36.0%,64.0%,0.56311558926752,05/28/21
SPLK,Splunk Inc,121.2,0.38,+0.31%,59.01%,13804,54.4%,45.6%,1.1935483870968,05/28/21
AGNC,Agnc Investment Corp,18.54,0.03,+0.16%,0.00%,13701,61.0%,39.0%,1.562371423228,05/28/21
DISCA,Discovery Comm A,32.11,-0.41,-1.26%,4.81%,13692,13.9%,86.1%,0.16191446028513,05/28/21
HYLN,Hyliion Hldg Corp Cl A,10.51,-0.5,-4.54%,10.74%,13583,21.1%,78.9%,0.26778047414598,05/28/21
KODK,Eastman Kodak,7.12,-0.3,-4.04%,0.98%,13413,14.0%,86.0%,0.16301049163271,05/28/21
STEM,Stem Inc,25.34,-0.66,-2.54%,0.00%,13322,44.4%,55.6%,0.79735563950351,05/28/21
MNMD,Mind Medicine Mindmed Inc,3.4,0.26,+8.28%,12.95%,13245,7.9%,92.1%,0.085477790526143,05/28/21
MPC,Marathon Petroleum Corp,61.8,0.4,+0.65%,6.29%,13233,57.7%,42.3%,1.3613490364026,05/28/21
OGI,Organigram Hlds Inc,3.21,0.31,+10.69%,3.22%,13160,5.4%,94.6%,0.057028112449799,05/28/21
BSX,Boston Scientific Corp,42.55,0.59,+1.41%,12.56%,13037,21.5%,78.5%,0.27364204767487,05/28/21
EMAN,Emagin Corp,4.07,1.41,+53.01%,6.51%,12895,13.7%,86.3%,0.15889278331985,05/28/21
SABR,Sabre Corp,13.85,0.04,+0.29%,0.86%,12840,47.3%,52.7%,0.89828503843879,05/28/21
GOGO,Gogo Inc,13.62,-0.03,-0.22%,7.24%,12837,10.3%,89.7%,0.11461318051576,05/28/21
MRVL,Marvell Technology Inc,48.3,-0.06,-0.12%,7.38%,12703,37.0%,63.0%,0.58628871128871,05/28/21
WB,Weibo Corp Ads,50.84,-0.09,-0.18%,2.63%,12682,0.9%,99.1%,0.008669370874095,05/28/21
AZN,Astrazeneca Plc,56.77,-0.12,-0.21%,5.62%,12618,53.3%,46.7%,1.1415478615071,05/28/21
AI,C3.Ai Inc Cl A,61.71,-1.49,-2.36%,17.96%,12547,21.8%,78.2%,0.27913140992966,05/28/21
WBA,Walgreens Boots Alliance,52.66,-0.38,-0.72%,9.03%,12533,43.8%,56.2%,0.77924474730267,05/28/21
TTD,Trade Desk Inc,588.14,3.56,+0.61%,2.79%,12527,29.6%,70.4%,0.41981185537799,05/28/21
EVFM,Evofem Biosciences Inc,0.86,0.053,+6.57%,45.79%,12367,1.9%,98.1%,0.019202241635075,05/28/21
BMY,Bristol-Myers Squibb Company,65.72,0.010000000000005,+0.02%,0.13%,12264,38.6%,61.4%,0.62738853503185,05/28/21
EXPE,Expedia Group Inc,176.95,2.84,+1.63%,1.17%,12197,43.7%,56.3%,0.77747012532789,05/28/21
MTCH,Match Group Inc,143.38,0.37,+0.26%,3.29%,12068,58.6%,41.4%,1.4126349460216,05/28/21
PLBY,Plby Group Inc,45.57,0.72,+1.61%,15.17%,12051,15.7%,84.3%,0.18647238357783,05/28/21
NEM,Newmont Mining Corp,73.48,0.39,+0.53%,1.50%,12035,38.3%,61.7%,0.62109375,05/28/21
PLAN,Anaplan Inc,51.51,1.9,+3.83%,0.00%,12019,17.1%,82.9%,0.20660576247365,05/28/21
CNK,Cinemark Holdings Inc,22.66,-1.31,-5.47%,5.16%,12002,3.9%,96.1%,0.040936686903729,05/28/21
DNN,Denison Mines Corp,1.25,-0.07,-5.30%,2.95%,11813,6.4%,93.6%,0.067890074127644,05/28/21
WRAP,Wrap Technologies Inc,8.96,1.34,+17.59%,8.68%,11772,11.5%,88.5%,0.12953367875648,05/28/21
VXRT,Vaxart Inc,6.62,-0.07,-1.05%,4.78%,11680,21.3%,78.7%,0.27011744236625,05/28/21
WDC,Western Digital Cp,75.23,-0.63,-0.83%,0.01%,11521,46.8%,53.2%,0.88128674069236,05/28/21
AVGO,Broadcom Ltd,472.33,4.65,+0.99%,27.24%,11500,35.3%,64.7%,0.546738399462,05/28/21
PAGS,Pagseguro Digital Ltd Cl A,49.11,0.1,+0.20%,31.71%,11303,41.1%,58.9%,0.69714714714715,05/28/21
LULU,Lululemon Athletica,323.13,-4.98,-1.52%,33.11%,11298,48.7%,51.3%,0.94793103448276,05/28/21
MOXC,Moxian Inc,10.6,-6.33,-37.39%,51.28%,11271,57.8%,42.2%,1.3673597983617,05/28/21
ON,On Semiconductor,40.04,-0.23,-0.57%,0.00%,11201,8.5%,91.5%,0.093313811615422,05/28/21
SOLO,Electrameccanica Vehs Corp,3.75,-0.06,-1.57%,1.46%,11110,8.7%,91.3%,0.095660749506903,05/28/21
RIG,Transocean Inc,3.78,-0.09,-2.33%,2.25%,11040,12.3%,87.7%,0.14026027680231,05/28/21
SPWR,Sunpower Corp,23.39,-0.37,-1.56%,7.64%,10956,22.6%,77.4%,0.29167649139354,05/28/21
TECK,Teck Resources Ltd,24.71,0.030000000000001,+0.12%,2.67%,10840,51.1%,48.9%,1.0437405731523,05/28/21
BMBL,Bumble Inc,47.72,1.74,+3.78%,3.80%,10781,14.1%,85.9%,0.16387779337148,05/28/21
OSTK,Overstock.com Inc,85.43,-4.11,-4.59%,0.00%,10699,23.8%,76.2%,0.31243866535819,05/28/21
HAL,Halliburton Company,22.45,-0.07,-0.31%,0.00%,10649,42.4%,57.6%,0.73577832110839,05/28/21
WPG,Washington Prime Group Inc,2.22,0.24,+12.12%,15.01%,10612,51.1%,48.9%,1.0439137134052,05/28/21
FTCH,Farfetch Ltd Cl A,46.33,2.11,+4.77%,1.29%,10515,26.6%,73.4%,0.36187022406424,05/28/21
APXT,Apex Technology Acquisition Corp Cl A,10.31,-0.07,-0.67%,3.95%,10508,8.7%,91.3%,0.095267875755681,05/28/21
CRBP,Corbus Pharma,2.17,0.13,+6.37%,14.21%,10466,15.9%,84.1%,0.18864281658149,05/28/21
KSS,Kohl's Corp,55.49,-1.26,-2.22%,0.26%,10438,48.0%,52.0%,0.92263768649843,05/28/21
CZR,Caesars Entertainment Inc,107.45,-0.48,-0.44%,18.87%,10417,48.8%,51.2%,0.95404239354718,05/28/21
TEVA,Teva Pharmaceutical Industries Ltd,10.4,0.02,+0.19%,2.73%,10374,28.9%,71.1%,0.40645336225597,05/28/21
SKT,Tanger Factory Outlet Centers,17.53,-0.43,-2.39%,5.52%,10370,10.3%,89.7%,0.11433483773909,05/28/21
GSAT,Globalstar,1.6,0.01,+0.63%,2.96%,10298,1.5%,98.5%,0.015181388012618,05/28/21
PRVB,Provention Bio Inc,7.61,-3.07,-28.75%,44.58%,10225,22.8%,77.2%,0.29479549195897,05/28/21
MCD,McDonald's Corp,233.89,-0.97000000000003,-0.41%,0.00%,10212,48.8%,51.2%,0.95444976076555,05/28/21
DG,Dollar General Corp,202.96,-1.43,-0.70%,4.09%,10184,26.2%,73.8%,0.35425531914894,05/28/21
SMSI,Smith Micro Software,5.39,0.28,+5.48%,42.69%,10162,1.9%,98.1%,0.01925777331996,05/28/21
CWH,Camping World Holdings Inc,44.39,0.2,+0.45%,0.95%,10150,27.1%,72.9%,0.37088060507834,05/28/21
PETS,Petmed Express Inc,28.9,0.29,+1.01%,8.65%,10135,20.4%,79.6%,0.25573039276422,05/28/21
IPOF,Social Capital Hedosophia Corp VI Cl A,10.13,-0.01,-0.10%,4.88%,10064,35.8%,64.2%,0.55717159213987,05/28/21
LRCX,Lam Research Corp,649.85,4.15,+0.64%,4.82%,10049,29.7%,70.3%,0.42296799773435,05/28/21
BNTX,Biontech Se ADR,204,6.3,+3.19%,7.54%,10046,37.5%,62.5%,0.60044607296479,05/28/21
MGI,Moneygram Intl,9.8,-0.05,-0.51%,0.00%,9996,23.1%,76.9%,0.30122363967717,05/28/21
NVAX,Novavax Inc,147.62,-3.13,-2.08%,9.69%,9976,29.8%,70.2%,0.42351598173516,05/28/21
SLCA,U.S. Silica Holdings Inc,10.26,-2.12,-17.12%,5.62%,9950,69.5%,30.5%,2.2773386034256,05/28/21
APA,Apa Corp,20.8,-0.03,-0.14%,0.00%,9934,17.7%,82.3%,0.21457390879081,05/28/21
MT,Arcelormittal,32.59,0.19,+0.59%,0.00%,9804,31.8%,68.2%,0.46722538162227,05/28/21
OKE,Oneok Inc,52.74,-0.059999999999995,-0.11%,1.22%,9798,8.5%,91.5%,0.093160772062925,05/28/21
MDT,Medtronic Inc,126.59,1.44,+1.15%,9.48%,9762,26.5%,73.5%,0.35998885483422,05/28/21
MOS,Mosaic Company,36.14,0.15,+0.42%,0.00%,9745,36.3%,63.7%,0.57101402547155,05/28/21
BBW,Build-A-Bear Workshop,15.27,-1.24,-7.51%,8.00%,9649,36.8%,63.2%,0.58232207281076,05/28/21
ENPH,Enphase Energy Inc,143.05,0.74,+0.52%,0.00%,9626,33.5%,66.5%,0.50288836846214,05/28/21
OPEN,Opendoor Technologies Inc,15.66,-0.21,-1.32%,0.00%,9546,20.3%,79.7%,0.25440210249671,05/28/21
PCG,Pacific Gas & Electric Company,10.14,0.22,+2.22%,8.52%,9546,21.1%,78.9%,0.26772908366534,05/28/21
IOVA,Iovance Biotherapeutics Inc,18.57,-0.17,-0.91%,32.71%,9329,10.1%,89.9%,0.1119189511323,05/28/21
BIG,Big Lots,60.94,-3.6,-5.58%,0.00%,9314,29.1%,70.9%,0.41121212121212,05/28/21
RUN,Sunrun Inc,44.72,-0.6,-1.32%,4.61%,9304,27.1%,72.9%,0.37146226415094,05/28/21
COP,Conocophillips,55.74,0.21,+0.38%,9.57%,9257,25.5%,74.5%,0.34178866502392,05/28/21
AUY,Yamana Gold,5.24,0.07,+1.35%,5.33%,9150,12.9%,87.1%,0.1486316846598,05/28/21
ACTC,Arclight Clean Transition Corp Cl A,18.15,1.14,+6.70%,8.22%,9115,1.7%,98.3%,0.017412657662686,05/28/21
PLAY,Dave & Buster's Ente,42.28,0.18,+0.43%,7.56%,9104,21.2%,78.8%,0.26831986625801,05/28/21
HUYA,Huya Inc,15.3,0.25,+1.66%,9.52%,9082,14.9%,85.1%,0.17459906880497,05/28/21
DKS,Dick's Sporting Goods Inc,97.53,-1.23,-1.25%,2.83%,9043,28.6%,71.4%,0.40071251548947,05/28/21
DE,Deere & Company,361.1,-1.11,-0.31%,5.04%,8985,54.3%,45.7%,1.1882610813444,05/28/21
KMI,Kinder Morgan,18.34,0.079999999999998,+0.44%,3.42%,8962,26.0%,74.0%,0.35071590052751,05/28/21
SPOT,Spotify Technology S.A.,241.57,1.31,+0.55%,0.00%,8910,42.4%,57.6%,0.73718073698577,05/28/21
GLW,Corning Inc,43.63,0.31,+0.72%,0.00%,8841,82.9%,17.1%,4.8433575677462,05/28/21
PEP,Pepsico Inc,147.94,1.43,+0.98%,1.00%,8839,34.0%,66.0%,0.51612349914237,05/28/21
EH,Ehang Holdings Ltd Ads,27.01,1.15,+4.45%,39.27%,8808,6.7%,93.3%,0.07205452775073,05/28/21
WDAY,Workday Inc,228.72,-0.63,-0.27%,0.00%,8783,47.0%,53.0%,0.88557320738514,05/28/21
XL,XL Fleet Corp,6.9,-0.09,-1.29%,0.00%,8743,20.2%,79.8%,0.25365643819902,05/28/21
ELY,Callaway Golf Company,36.92,-0.14,-0.38%,0.00%,8552,5.0%,95.0%,0.052813000123107,05/28/21
AUPH,Aurinia Pharm Ord,14.52,0.28,+1.97%,30.92%,8546,36.3%,63.7%,0.57037853730246,05/28/21
YY,YY Inc,76.95,-8.45,-9.89%,4.41%,8507,42.2%,57.8%,0.73152859759821,05/28/21
DDOG,Datadog Inc Cl A,91.05,-1.26,-1.36%,0.45%,8469,40.7%,59.3%,0.68705179282869,05/28/21
AXP,American Express Company,160.13,0.38999999999999,+0.24%,0.00%,8460,40.1%,59.9%,0.6696269982238,05/28/21
YEXT,Yext Inc,14.47,2.16,+17.55%,7.30%,8439,18.0%,82.0%,0.21880415944541,05/28/21
DAC,Danaos Corp,63.73,0.59999999999999,+0.95%,15.64%,8422,2.9%,97.1%,0.029458501405696,05/28/21
VST,Vistra Energy Corp,16.17,0.11,+0.68%,5.17%,8331,3.2%,96.8%,0.03336641032002,05/28/21
NXPI,Nxp Semiconductors,211.42,1.2,+0.57%,0.00%,8312,10.3%,89.7%,0.11435849309559,05/28/21
GDRX,Goodrx Holdings Inc Cl A,37.11,-0.39,-1.04%,3.82%,8263,12.0%,88.0%,0.13674508185445,05/28/21
VUZI,Vuzix Corp,17.46,-1.63,-8.54%,5.55%,8230,19.6%,80.4%,0.24339024021756,05/28/21
EYES,Second Sight,5.98,0.84,+16.34%,3.40%,8183,9.5%,90.5%,0.10551202377736,05/28/21
TJX,TJX Companies,67.54,0.30000000000001,+0.45%,0.00%,8162,66.2%,33.8%,1.9551049963794,05/28/21
TXN,Texas Instruments,189.82,0.69,+0.36%,0.65%,8151,36.0%,64.0%,0.56209275584515,05/28/21
NET,Cloudflare Inc Cl A,82.06,-0.75,-0.91%,0.00%,8114,32.1%,67.9%,0.4717939415926,05/28/21
NAK,Northern Dynasty Minerals,0.5628,-0.0066,-1.16%,4.17%,8072,5.7%,94.3%,0.060709592641261,05/28/21
CROX,Crocs Inc,101.24,-0.58,-0.57%,5.80%,7919,47.8%,52.2%,0.91418902586415,05/28/21
SFIX,Stitch Fix Inc,53.46,-0.41,-0.76%,58.42%,7912,53.7%,46.3%,1.1593886462882,05/28/21
RTX,Raytheon Technologies Corp,88.71,0.099999999999994,+0.11%,5.80%,7798,29.8%,70.2%,0.4250730994152,05/28/21
CAL,Caleres Inc,25.08,-2.2,-8.06%,0.36%,7747,32.5%,67.5%,0.48097878034793,05/28/21
SWKS,Skyworks Solutions,170,-0.87,-0.51%,1.87%,7737,41.4%,58.6%,0.7075700728316,05/28/21
W,Wayfair Inc,306.54,-13.57,-4.24%,0.21%,7551,41.0%,59.0%,0.69609164420485,05/28/21
STX,Seagate Technology Hldgs Plc,95.75,-0.68,-0.71%,34.61%,7467,29.9%,70.1%,0.42554410080183,05/28/21
VIPS,Vipshop Holdings Ltd,23.13,0.59,+2.62%,6.08%,7439,40.7%,59.3%,0.68493771234428,05/28/21
LMT,Lockheed Martin Corp,382.2,-5.19,-1.34%,0.63%,7363,38.9%,61.1%,0.63694975544687,05/28/21
CRSR,Corsair Gaming Inc,31.22,-1.17,-3.61%,0.38%,7358,11.2%,88.8%,0.12662685653039,05/28/21
CNI,Canadian National Railway,112.57,1.76,+1.59%,27.97%,7354,13.6%,86.4%,0.15756335589485,05/28/21
LEV,The Lion Electric CO,19.07,-0.09,-0.47%,0.00%,7347,7.7%,92.3%,0.083308758478325,05/28/21
CVM,Cel-Sci Corp,21.51,-2.08,-8.82%,15.74%,7326,58.2%,41.8%,1.3909921671018,05/28/21
MUDS,Mudrick Capital Acquisition Corp II Cl A,13.65,-0.09,-0.66%,0.00%,7313,3.8%,96.2%,0.039516702203269,05/28/21
EDU,New Oriental Education & Technology Group,10.23,-0.02,-0.20%,59.92%,7307,51.8%,48.2%,1.0729078014184,05/28/21
ANF,Abercrombie & Fitch Company,42.7,-1.2,-2.73%,1.63%,7245,20.8%,79.2%,0.26329555361813,05/28/21
U,Unity Software Inc,94.46,-1.34,-1.40%,0.00%,7240,40.2%,59.8%,0.67128347183749,05/28/21
ACN,Accenture Plc,282.16,2.11,+0.75%,33.43%,7230,78.3%,21.7%,3.6139119336311,05/28/21
TPGY,Tpg Pace Beneficial Finance Corp Cl A,12.27,0.28,+2.34%,7.99%,7219,27.0%,73.0%,0.37034927866363,05/28/21
NVTA,Invitae Corp,28.78,-0.28,-0.96%,0.31%,7177,47.2%,52.8%,0.89416732647136,05/28/21
SU,Suncor Energy Inc,23.1,-0.049999999999997,-0.22%,0.85%,7089,21.9%,78.1%,0.27960288808664,05/28/21
STAY,Extended Stay America Inc,19.71,-0.03,-0.15%,25.57%,7072,1.0%,99.0%,0.009708737864078,05/28/21
SENS,Senseonics Holdings,2.06,-0.01,-0.48%,0.00%,7046,10.0%,90.0%,0.11083083714331,05/28/21
EBON,Ebang International Holdings Inc Cl A,2.89,-0.19,-6.17%,0.00%,7003,9.4%,90.6%,0.10422579627878,05/28/21
FUV,Arcimoto Inc,9.75,0.2,+2.09%,10.24%,6986,6.3%,93.7%,0.067379679144385,05/28/21
ASO,Academy Sports and Outdoors Inc,36.53,0.53,+1.47%,1.94%,6968,5.3%,94.7%,0.056077599272507,05/28/21
RSI,Rush Street Interactive Inc,12.41,-0.16,-1.27%,4.24%,6908,0.6%,99.4%,0.005677682340952,05/28/21
CLDR,Cloudera Inc,12.86,0,0.00%,23.73%,6891,39.2%,60.8%,0.64345337467207,05/28/21
MAC,Macerich Company,15.91,-0.24,-1.49%,1.15%,6881,11.4%,88.6%,0.12803278688525,05/28/21
RAD,Rite Aid Corp,18.27,0.079999999999998,+0.44%,46.19%,6871,17.4%,82.6%,0.21010919337795,05/28/21
VFF,Village Farms Intl,9.75,0.27,+2.85%,4.93%,6851,32.0%,68.0%,0.47017167381974,05/28/21
ABT,Abbott Laboratories,116.65,0.96000000000001,+0.83%,0.38%,6837,44.3%,55.7%,0.79543067226891,05/28/21
MP,Mp Materials Corp,28.08,0.029999999999998,+0.11%,0.00%,6803,29.0%,71.0%,0.4093639941993,05/28/21
KMB,Kimberly-Clark Corp,130.63,-2.23,-1.68%,4.28%,6774,74.2%,25.8%,2.8819484240688,05/28/21
IVR,Invesco Mortgage Capital Inc,3.4,0,0.00%,1.84%,6769,7.0%,93.0%,0.074785646236901,05/28/21
SWBI,Smith & Wesson Brands Inc,21.26,0.11,+0.52%,3.85%,6763,7.1%,92.9%,0.075882914412981,05/28/21
SCCO,Southern Copper Corp,69.74,0.55,+0.79%,90.13%,6726,41.9%,58.1%,0.71976476604449,05/28/21
MSTR,Microstrategy Cl A,470,-23.85,-4.83%,47.08%,6673,48.2%,51.8%,0.92917028042787,05/28/21
VLO,Valero Energy Corp,80.4,-0.39,-0.48%,0.00%,6594,24.3%,75.7%,0.32170775706554,05/28/21
NOW,Servicenow Inc,473.88,-5.34,-1.11%,0.00%,6589,28.5%,71.5%,0.39775137887145,05/28/21
TWLO,Twilio,336,-2.69,-0.79%,0.00%,6491,53.5%,46.5%,1.1500496853263,05/28/21
LAC,Lithium Americas Corp,15.3,0.37,+2.48%,12.72%,6459,14.4%,85.6%,0.16799276672694,05/28/21
HON,Honeywell International Inc,230.91,-0.36,-0.16%,5.12%,6430,47.0%,53.0%,0.88839941262849,05/28/21
ATOS,Atossa Therapeutics Inc,3.22,0.04,+1.26%,13.04%,6402,27.4%,72.6%,0.37707033770703,05/28/21
COUP,Coupa Software Inc,238.2,-0.84,-0.35%,21.84%,6402,19.1%,80.9%,0.23614597412628,05/28/21
TAL,Tal Education Group,39.97,0.65,+1.65%,58.05%,6365,60.7%,39.3%,1.5419329073482,05/28/21
FSLR,First Solar Inc,76.11,-0.82,-1.07%,0.89%,6349,42.6%,57.4%,0.74183813443073,05/28/21
DISH,Dish Network Corp,43.52,-1.02,-2.29%,4.97%,6320,19.9%,80.1%,0.2480252764613,05/28/21
MDLZ,Mondelez Intl Inc,63.53,0.22,+0.35%,0.00%,6309,44.7%,55.3%,0.80825451418745,05/28/21
AAP,Advance Auto Parts Inc,189.73,1.09,+0.58%,21.20%,6292,38.6%,61.4%,0.62920766442258,05/28/21
UAA,Under Armour,22.58,-0.29,-1.27%,0.00%,6275,31.5%,68.5%,0.45964177715748,05/28/21
MET,Metlife Inc,65.36,-0.3,-0.46%,2.35%,6273,78.3%,21.7%,3.6091109478325,05/28/21
VMW,Vmware Inc,157.89,-3.32,-2.06%,0.00%,6271,49.3%,50.7%,0.9713926438227,05/28/21
WOOF,Petco Health and Wellness Company Inc Cl A,22.65,-0.15,-0.66%,2.66%,6262,21.6%,78.4%,0.27561621511509,05/28/21
HGEN,Humanigen Inc,20.23,-2.51,-11.04%,5.24%,6197,48.4%,51.6%,0.93898623279099,05/28/21
XXII,22nd Century Group Inc,4.5,-0.55,-10.89%,0.00%,6072,20.8%,79.2%,0.26263256394261,05/28/21
TRIP,Tripadvisor Inc,43.45,0.49,+1.14%,4.05%,6057,18.3%,81.7%,0.22338921430014,05/28/21
CVNA,Carvana Co. Cl A,265.09,-1.98,-0.74%,4.38%,5998,62.2%,37.8%,1.6434552666373,05/28/21
LEN,Lennar Corp,99.01,0.060000000000002,+0.06%,13.15%,5979,52.6%,47.4%,1.1075079309129,05/28/21
RF,Regions Financial Corp,23.41,0.039999999999999,+0.17%,0.32%,5935,43.4%,56.6%,0.76531826293873,05/28/21
DHI,D.R. Horton,95.29,-0.28999999999999,-0.30%,2.29%,5871,60.7%,39.3%,1.5470715835141,05/28/21
CMG,Chipotle Mexican Grill,1371.98,6.3800000000001,+0.47%,6.64%,5821,51.5%,48.5%,1.0612606232295,05/28/21
TTWO,Take-Two Interacti,185.56,-0.92,-0.49%,0.00%,5767,21.8%,78.2%,0.27956512092301,05/28/21
GEVO,Gevo Inc,7.56,-0.37,-4.67%,1.30%,5748,12.9%,87.1%,0.14822213343987,05/28/21
AIG,American International Group,52.84,0.13,+0.25%,0.00%,5715,29.2%,70.8%,0.41320474777448,05/28/21
CLX,Clorox Company,176.73,0.25,+0.14%,5.69%,5674,58.2%,41.8%,1.3920741989882,05/28/21
AMRN,Amarin Corp Ads,4.54,-0.08,-1.73%,3.50%,5645,18.7%,81.3%,0.2293118466899,05/28/21
PSFE,Paysafe Limited,11.22,-0.1,-0.88%,4.56%,5628,15.0%,85.0%,0.17642140468227,05/28/21
AR,Antero Resources Corp,12.91,-0.01,-0.08%,0.00%,5616,17.2%,82.8%,0.20774193548387,05/28/21
HIMS,Hims & Hers Health Inc,14.41,0.51,+3.67%,2.33%,5605,16.6%,83.4%,0.19918699186992,05/28/21
FLR,Fluor Corp,18.5,-0.31,-1.65%,0.00%,5581,27.6%,72.4%,0.38143564356436,05/28/21
VRTX,Vertex Pharmaceutic,208.63,1.32,+0.64%,96.46%,5487,59.4%,40.6%,1.4660674157303,05/28/21
VLDR,Velodyne Lidar Inc,9.65,-0.36,-3.60%,12.95%,5443,20.0%,80.0%,0.24925407390406,05/28/21
CTSH,Cognizant Tech Sol,71.56,0.44,+0.62%,3.00%,5415,6.8%,93.2%,0.07270206022187,05/28/21
INTU,Intuit Inc,439.09,6.98,+1.62%,1.21%,5387,65.6%,34.4%,1.9103187466234,05/28/21
TAP,Molson Coors Brewing Company,58.32,0.94,+1.64%,2.43%,5379,24.4%,75.6%,0.32292179045745,05/28/21
IAA,Iaa Inc,56.97,0.019999999999996,+0.04%,7.49%,5376,12.5%,87.5%,0.14237144071398,05/28/21
HOG,Harley-Davidson Inc,48.47,0.17,+0.35%,2.52%,5363,19.0%,81.0%,0.23457642725599,05/28/21
BUD,Anheuser-Busch Inbev S.A.,75.77,-0.090000000000003,-0.12%,0.70%,5334,80.5%,19.5%,4.1239193083573,05/28/21
VEEV,Veeva Systems Inc,291.34,26.69,+10.09%,0.00%,5312,42.3%,57.7%,0.73424746980085,05/28/21
AEO,American Eagle Outfitters,35.43,-0.54,-1.50%,0.90%,5293,23.9%,76.1%,0.31405163853029,05/28/21
KHC,Kraft Heinz Company,43.59,0.16,+0.37%,0.00%,5293,23.4%,76.6%,0.30530209617756,05/28/21
DOW,Dow Inc,68.42,-0.23999999999999,-0.35%,0.00%,5291,36.1%,63.9%,0.5639964528525,05/28/21
KOPN,Kopin Cp,8.1,0.74,+10.05%,1.31%,5248,8.4%,91.6%,0.09128716988979,05/28/21
BAX,Baxter International Inc,82.12,0.31,+0.38%,53.51%,5222,10.6%,89.4%,0.11915987998285,05/28/21
FTNT,Fortinet Inc,218.54,2.2,+1.02%,0.00%,5180,4.7%,95.3%,0.049220174194855,05/28/21
DM,Desktop Metal Inc,13.21,-0.36,-2.65%,0.44%,5180,32.4%,67.6%,0.47831050228311,05/28/21
CCXI,Chemocentryx Inc,10.15,-0.26,-2.50%,45.34%,5152,41.6%,58.4%,0.71333555038244,05/28/21
SNPR,Tortoise Acquisition Corp II Cl A,10.03,0.039999999999999,+0.40%,4.21%,5130,1.6%,98.4%,0.016244057052298,05/28/21
EPD,Enterprise Products Partners LP,23.61,0.009999999999998,+0.04%,0.39%,5112,35.4%,64.6%,0.54862162980915,05/28/21
DB,Deutsche Bank Ag,15.09,0.06,+0.40%,2.16%,5099,33.4%,66.6%,0.50235710076606,05/28/21
BKNG,Booking Holdings Inc,2361.55,26.77,+1.15%,1.05%,5073,60.1%,39.9%,1.5039486673248,05/28/21
CLVS,Clovis Oncology Inc,5.13,-0.09,-1.72%,6.41%,5073,15.7%,84.3%,0.18666666666667,05/28/21
SOL,Renesola Ltd,8.15,-0.68,-7.70%,0.60%,5059,16.9%,83.1%,0.20395049976202,05/28/21
UXIN,Uxin Ltd Ads,3.7,-0.1,-2.63%,31.47%,5050,7.8%,92.2%,0.084621993127148,05/28/21
CRSP,Crispr Therapeutics Ag,118.18,-0.22,-0.19%,4.91%,5033,35.4%,64.6%,0.54813903414334,05/28/21
MMM,3M Company,203.04,-0.20000000000002,-0.10%,0.00%,5031,38.9%,61.1%,0.63556566970091,05/28/21
WPM,Wheaton Precious Metals,48.02,0.13,+0.27%,1.48%,5026,38.5%,61.5%,0.62653721682848,05/28/21
BHC,Bausch Health Companies Inc,32.16,0.22,+0.69%,10.42%,5002,38.0%,62.0%,0.61250805931657,05/28/21
TTCF,Tattooed Chef Inc,21.28,-0.73,-3.32%,6.87%,4933,20.3%,79.7%,0.25394001016777,05/28/21
UNH,Unitedhealth Group Inc,411.92,-0.77999999999997,-0.19%,0.00%,4930,49.8%,50.2%,0.99111470113086,05/28/21
COF,Capital One Financial Corp,160.78,-1.01,-0.62%,0.89%,4909,51.7%,48.3%,1.0686894226717,05/28/21
FTOC,Ftac Olympus Acquisition Corp Cl A,10,0.03,+0.30%,13.61%,4904,24.9%,75.1%,0.33080054274084,05/28/21
HOME,At Home Group Inc,37.54,0.92,+2.51%,12.57%,4899,30.5%,69.5%,0.43961210696444,05/28/21
WMB,Williams Companies,26.34,0.039999999999999,+0.15%,0.81%,4891,10.2%,89.8%,0.113362167084,05/28/21
TXRH,Texas Roadhouse Inc,100.71,1.65,+1.67%,4.02%,4847,1.8%,98.2%,0.01806343205209,05/28/21
FSM,Fortuna Silver Mines,6.95,0.11,+1.61%,0.00%,4834,27.5%,72.5%,0.37877923559612,05/28/21
INVZ,Innoviz Technologies Ltd,10.61,0.37,+3.61%,26.11%,4823,4.9%,95.1%,0.051908396946565,05/28/21
SPG,Simon Property Group,128.49,0.20000000000002,+0.16%,0.00%,4766,54.4%,45.6%,1.1953017042837,05/28/21
AKBA,Akebia Therapeutics,3.51,0.01,+0.29%,43.05%,4749,29.5%,70.5%,0.41888258141619,05/28/21
CS,Credit Suisse Group,11.02,-0.12,-1.08%,7.02%,4725,52.8%,47.2%,1.116935483871,05/28/21
QSR,Restaurant Brands International,69.72,0.34999999999999,+0.50%,0.21%,4712,0.5%,99.5%,0.004905097035615,05/28/21
AQMS,Aqua Metals Inc,2.83,-0.24,-7.82%,7.06%,4709,5.8%,94.2%,0.061302681992337,05/28/21
FIII,Forum Merger III Corporation Cl A,9.95,-0.01,-0.10%,29.63%,4692,27.3%,72.7%,0.37595307917889,05/28/21
IRBT,Irobot Corp,97.7,0.07,+0.07%,3.74%,4684,16.8%,83.2%,0.20133367530136,05/28/21
TMUS,T-Mobile US,141.45,0.14,+0.10%,0.10%,4684,39.9%,60.1%,0.6651261997867,05/28/21
GSK,Glaxosmithkline Plc,38.77,0.28,+0.73%,7.97%,4623,10.5%,89.5%,0.11720637989367,05/28/21
OZON,Ozon Holdings Plc Ads,53.07,0.55,+1.05%,0.00%,4622,85.1%,14.9%,5.718023255814,05/28/21
CNC,Centene Corp,73.6,-0.12,-0.16%,7.50%,4616,31.5%,68.5%,0.46075949367089,05/28/21
NLY,Annaly Capital Management Inc,9.27,0.049999999999999,+0.54%,1.98%,4609,14.3%,85.7%,0.16713091922006,05/28/21
NTR,Nutrien Ltd,62.15,0.54,+0.88%,4.23%,4588,7.3%,92.7%,0.079275464596566,05/28/21
RRC,Range Resources Corp,13.56,0.06,+0.44%,0.00%,4545,74.1%,25.9%,2.8647959183673,05/28/21
APPN,Appian Corp Cl A,90.48,2.12,+2.40%,12.47%,4533,21.3%,78.7%,0.27045964125561,05/28/21
ENDP,Endo Int'l Plc,5.87,0,0.00%,13.41%,4528,58.3%,41.7%,1.3957671957672,05/28/21
SONO,Sonos Inc,37,-0.56,-1.49%,0.00%,4508,7.1%,92.9%,0.076408787010506,05/28/21
EXC,Exelon Corp,45.12,0.52,+1.17%,8.75%,4412,6.1%,93.9%,0.064414957780458,05/28/21
SWN,Southwestern Energy Company,5.17,-0.16,-3.00%,0.03%,4407,32.7%,67.3%,0.48583951449764,05/28/21
RLX,Rlx Technology Inc ADR,11.31,-0.42,-3.58%,0.66%,4404,46.4%,53.6%,0.8645215918713,05/28/21
ICPT,Intercept Pharmaceuticals,16.63,-0.45,-2.63%,26.55%,4374,42.8%,57.2%,0.74820143884892,05/28/21
OPK,Opko Health Inc,3.82,-0.06,-1.55%,50.04%,4350,9.8%,90.2%,0.10828025477707,05/28/21
UUUU,Energy Fuels Inc,6.49,-0.32,-4.70%,0.04%,4342,26.8%,73.2%,0.36626809314034,05/28/21
BTU,Peabody Energy Corp,6.63,0.15,+2.31%,21.18%,4334,30.3%,69.7%,0.43462429659053,05/28/21
EDIT,Editas Medicine,33.95,-0.64,-1.85%,23.98%,4321,15.2%,84.8%,0.17963417963418,05/28/21
TOL,Toll Brothers Inc,65.24,0.17,+0.26%,0.90%,4317,29.3%,70.7%,0.4149459193707,05/28/21
LFMD,Lifemd Inc,12.88,0.74,+6.10%,26.99%,4302,14.5%,85.5%,0.16965742251223,05/28/21
VOD,Vodafone Grp Plc Ads,18.47,-0.09,-0.48%,13.39%,4283,18.6%,81.4%,0.22862880091796,05/28/21
ASXC,Asensus Surgical Inc,2.34,-0.07,-2.90%,25.29%,4283,25.5%,74.5%,0.34263322884013,05/28/21
USB,U.S. Bancorp,60.78,0.039999999999999,+0.07%,0.97%,4266,54.6%,45.4%,1.2035123966942,05/28/21
JBLU,Jetblue Airways Cp,20.1,-0.45,-2.19%,0.00%,4252,24.6%,75.4%,0.32543640897756,05/28/21
AGEN,Agenus Inc,4.26,0.05,+1.19%,7.13%,4244,3.5%,96.5%,0.0361328125,05/28/21
TPR,Tapestry Inc,44.89,-0.2,-0.44%,0.00%,4228,64.0%,36.0%,1.7797501643655,05/28/21
VEDL,Vedanta Ltd,14.83,-0.06,-0.40%,4.85%,4200,0.0%,100.0%,0.000476417341591,05/28/21
AKAM,Akamai Technologies,114.21,-0.48,-0.42%,0.00%,4161,83.6%,16.4%,5.0922401171303,05/28/21
ILMN,Illumina Inc,405.64,-3.35,-0.82%,1.22%,4155,78.9%,21.1%,3.7377423033067,05/28/21
NTAP,Netapp Inc,77.37,-1.61,-2.04%,45.35%,4138,27.1%,72.9%,0.37247097844113,05/28/21
RNG,Ringcentral Inc,262.47,4.08,+1.58%,0.00%,4133,7.5%,92.5%,0.081654017272965,05/28/21
YETI,Yeti Holdings Inc,87.6,-0.2,-0.23%,0.00%,4130,59.6%,40.4%,1.4760191846523,05/28/21
EA,Electronic Arts Inc,142.93,0,0.00%,1.66%,4093,36.0%,64.0%,0.56281023291333,05/28/21
MAR,Marriot Int Cl A,143.58,-2.26,-1.55%,0.98%,4071,37.3%,62.7%,0.59521943573668,05/28/21
BTBT,Bit Digital Inc,8.45,-0.98,-10.39%,0.74%,4031,9.5%,90.5%,0.10498903508772,05/28/21
UNP,Union Pacific Corp,224.73,0.82999999999998,+0.37%,0.63%,4031,55.2%,44.8%,1.2307692307692,05/28/21
LPX,Louisiana-Pacific Corp,67.21,-0.84,-1.23%,5.13%,4006,55.3%,44.7%,1.2392397987703,05/28/21
OLLI,Ollies Bargain CS,86.44,6.05,+7.53%,0.00%,3984,22.3%,77.7%,0.28723747980614,05/28/21
STZ,Constellation Brands Inc,239.72,2.73,+1.15%,14.44%,3958,16.7%,83.3%,0.20048528965726,05/28/21
KIRK,Kirkland's Inc,25.71,-1.74,-6.34%,2.29%,3955,39.0%,61.0%,0.64039817503111,05/28/21
CPRI,Capri Holdings Ltd,56.71,0.3,+0.53%,0.00%,3942,19.1%,80.9%,0.23651191969887,05/28/21
SHAK,Shake Shack Inc,93.98,-1.69,-1.77%,5.51%,3910,36.5%,63.5%,0.57470801449859,05/28/21
WORK,Slack Technologies Inc,44.04,1.19,+2.78%,14.71%,3844,56.2%,43.8%,1.2840166369578,05/28/21
SSYS,Stratasys Ltd,23.09,-0.62,-2.61%,21.82%,3843,14.7%,85.3%,0.17271895025938,05/28/21
MBIO,Mustang Bio Inc,3.35,0,0.00%,11.88%,3813,8.4%,91.6%,0.091611795018609,05/28/21
EOG,Eog Resources,80.34,0.010000000000005,+0.01%,1.64%,3810,27.8%,72.2%,0.38495092693566,05/28/21
